id,first_name,last_name,email,gender,ip_address
1,Tuckie,Clynter,tclynter0@sciencedirect.com,Male,46.155.40.2
2,Renado,Smeall,rsmeall1@house.gov,Agender,149.83.181.54
3,Elaine,Giraudeau,egiraudeau2@google.nl,Genderfluid,104.207.243.0
4,Magdaia,MacCaghan,mmaccaghan3@squidoo.com,Polygender,161.189.209.212
5,Vinny,Shevels,vshevels4@google.com.br,Female,243.31.46.61
6,Janie,Whye,jwhye5@businessweek.com,Non-binary,13.109.54.236
7,Ogden,Gossage,ogossage6@fema.gov,Polygender,254.59.42.191
8,Myrilla,O'Riordan,moriordan7@simplemachines.org,Female,195.234.10.75
9,Jillayne,Espino,jespino8@youtu.be,Female,98.27.221.229
10,Kalina,Beatty,kbeatty9@mediafire.com,Polygender,82.143.164.9
11,Terza,Watson,twatsona@discovery.com,Polygender,153.106.242.110
12,Lombard,Barnwill,lbarnwillb@unesco.org,Agender,72.141.250.139
13,Salomi,Gerish,sgerishc@accuweather.com,Bigender,7.223.125.137
14,Wheeler,Daouse,wdaoused@boston.com,Non-binary,139.34.170.209
15,Harriet,Hansford,hhansforde@zimbio.com,Bigender,108.252.51.160
16,Dermot,Queripel,dqueripelf@symantec.com,Male,190.177.127.193
17,Honoria,Monnoyer,hmonnoyerg@columbia.edu,Polygender,70.83.80.234
18,Tobit,Montgomery,tmontgomeryh@sogou.com,Female,113.113.221.140
19,Karla,Cressy,kcressyi@netvibes.com,Genderqueer,26.32.37.1
20,Wallas,Poltun,wpoltunj@intel.com,Agender,175.196.255.6
21,Jessika,Mustoo,jmustook@auda.org.au,Polygender,76.34.47.88
22,Terry,Catlow,tcatlowl@statcounter.com,Bigender,169.207.101.52
23,Conrade,Adcocks,cadcocksm@imdb.com,Female,226.181.22.135
24,Yorgos,Wall,ywalln@nbcnews.com,Female,72.39.36.202
25,Raddie,Sollner,rsollnero@purevolume.com,Male,39.21.178.60
26,Ethan,Catcherside,ecatchersidep@nhs.uk,Non-binary,18.164.192.85
27,Dena,Brooks,dbrooksq@mashable.com,Non-binary,144.204.221.121
28,Tommy,Anscombe,tanscomber@pagesperso-orange.fr,Polygender,62.120.253.60
29,Phoebe,Wolvey,pwolveys@chron.com,Genderfluid,151.100.222.137
30,Hillyer,Mackstead,hmacksteadt@addthis.com,Non-binary,129.70.84.207
31,Anthiathia,Bateup,abateupu@elegantthemes.com,Non-binary,195.138.21.12
32,Jojo,Brosi,jbrosiv@comcast.net,Female,248.102.248.141
33,Rancell,Wurz,rwurzw@businessweek.com,Agender,235.110.44.215
34,Duffie,Southcomb,dsouthcombx@ibm.com,Genderqueer,25.186.207.162
35,Netti,Newing,nnewingy@slate.com,Genderfluid,81.175.254.68
36,Damita,Dixie,ddixiez@behance.net,Female,123.9.52.234
37,Wait,Danovich,wdanovich10@google.com,Agender,187.150.127.191
38,Gilbertine,McClinton,gmcclinton11@example.com,Female,30.236.143.31
39,Jorry,Crookshank,jcrookshank12@gnu.org,Male,211.127.65.184
40,Addy,Mennear,amennear13@istockphoto.com,Female,242.15.95.45
41,Gaylor,Wooderson,gwooderson14@slashdot.org,Non-binary,43.136.105.105
42,Lenee,Fears,lfears15@indiatimes.com,Genderfluid,74.164.185.14
43,Ezri,Threader,ethreader16@google.com.br,Polygender,208.172.54.200
44,Lamond,Fauguel,lfauguel17@topsy.com,Polygender,31.69.228.146
45,Mora,Wooles,mwooles18@jimdo.com,Agender,63.64.160.210
46,Delmar,Haspineall,dhaspineall19@thetimes.co.uk,Non-binary,1.158.57.236
47,Bobby,Dalrymple,bdalrymple1a@weibo.com,Female,25.202.137.26
48,Derry,Brian,dbrian1b@marketwatch.com,Polygender,97.232.255.145
49,Aldis,Adamov,aadamov1c@blogspot.com,Genderqueer,92.210.78.70
50,Glad,Eastup,geastup1d@booking.com,Genderfluid,158.215.161.59
51,Caryl,Steuart,csteuart1e@arizona.edu,Female,49.189.18.240
52,Gannon,Wisson,gwisson1f@businesswire.com,Non-binary,140.21.41.101
53,Hyacinthie,Prigmore,hprigmore1g@histats.com,Genderfluid,91.193.106.128
54,Valentine,Caunce,vcaunce1h@weather.com,Female,61.182.158.122
55,Sabine,Axtell,saxtell1i@theguardian.com,Male,196.228.225.204
56,Nari,Kimbell,nkimbell1j@sciencedaily.com,Non-binary,83.0.99.115
57,Laurent,Billborough,lbillborough1k@sun.com,Genderqueer,11.122.163.152
58,Harriette,Lammerding,hlammerding1l@cbc.ca,Agender,58.218.190.209
59,Thorin,Grisewood,tgrisewood1m@earthlink.net,Genderfluid,28.202.211.80
60,Alyse,Matterdace,amatterdace1n@mlb.com,Bigender,250.30.148.0
61,Perle,Lamy,plamy1o@sohu.com,Bigender,126.53.93.111
62,Brice,Goble,bgoble1p@bbc.co.uk,Non-binary,153.52.244.32
63,Corella,Marryatt,cmarryatt1q@purevolume.com,Female,124.144.202.50
64,Marna,Rusbridge,mrusbridge1r@google.es,Genderfluid,193.91.107.114
65,Davita,Aronstam,daronstam1s@google.co.jp,Polygender,50.20.83.45
66,Kassandra,Croyden,kcroyden1t@ftc.gov,Female,167.64.3.169
67,Carlotta,Wordsworth,cwordsworth1u@spiegel.de,Genderqueer,72.4.192.177
68,Kahaleel,Luetkemeyers,kluetkemeyers1v@bizjournals.com,Polygender,155.109.67.206
69,Danya,Hebden,dhebden1w@un.org,Male,223.228.201.16
70,Adriena,Flahy,aflahy1x@csmonitor.com,Genderfluid,116.244.83.170
71,Chicky,Sharratt,csharratt1y@google.co.uk,Non-binary,53.66.188.185
72,Amye,Blockley,ablockley1z@zimbio.com,Bigender,99.88.40.227
73,Vidovic,Addlestone,vaddlestone20@51.la,Male,234.76.49.127
74,Merell,Cancelier,mcancelier21@opensource.org,Agender,255.237.30.167
75,Doti,Byrch,dbyrch22@lycos.com,Genderqueer,89.92.250.208
76,Zaria,Goodband,zgoodband23@creativecommons.org,Male,133.137.16.136
77,Merna,Boldison,mboldison24@techcrunch.com,Male,145.220.151.172
78,Christel,Reven,creven25@typepad.com,Male,214.205.149.18
79,Colby,Lauks,clauks26@smugmug.com,Non-binary,232.239.176.124
80,Carney,Saer,csaer27@diigo.com,Polygender,156.105.164.210
81,Michale,MacGowan,mmacgowan28@cocolog-nifty.com,Genderqueer,3.36.177.185
82,Marlena,Labden,mlabden29@furl.net,Polygender,22.140.8.207
83,Rowney,McLauchlin,rmclauchlin2a@usda.gov,Female,14.110.241.151
84,Ermina,Landers,elanders2b@a8.net,Polygender,76.174.175.62
85,Helena,Domingues,hdomingues2c@gnu.org,Bigender,16.63.164.19
86,Veriee,Ricciardi,vricciardi2d@epa.gov,Agender,50.198.3.17
87,Drusie,Bordes,dbordes2e@vimeo.com,Bigender,61.136.65.179
88,Dun,Tough,dtough2f@icio.us,Male,33.172.8.153
89,Roberto,Power,rpower2g@jimdo.com,Genderfluid,191.157.164.248
90,Jenna,Snarie,jsnarie2h@imageshack.us,Non-binary,13.236.104.14
91,Leo,De Gregoli,ldegregoli2i@people.com.cn,Non-binary,178.218.236.137
92,Karolina,Ingman,kingman2j@mayoclinic.com,Non-binary,148.254.225.83
93,Marin,Pigot,mpigot2k@virginia.edu,Agender,131.198.215.249
94,Errol,Marmion,emarmion2l@flickr.com,Polygender,216.141.223.114
95,Francois,Ripping,fripping2m@google.ca,Genderfluid,7.25.1.115
96,Polly,Dungate,pdungate2n@digg.com,Non-binary,130.177.58.140
97,Bette,Golagley,bgolagley2o@hao123.com,Bigender,249.197.195.52
98,Zachery,Muggeridge,zmuggeridge2p@printfriendly.com,Agender,124.144.5.92
99,Porter,Gravenell,pgravenell2q@msn.com,Genderfluid,196.156.255.81
100,Merrill,Brandes,mbrandes2r@uol.com.br,Female,155.121.247.205
